name,description,url,Caliber,System,Mag. Capacity,Barrel Length,Trigger Pull***,Weight_without_magazine,Weight_with_empty_magazine,Weight_with_loaded_magazine,Dimension_LENGTH (OVERALL)*,Dimension_SLIDE LENGTH,Dimension_WIDTH (OVERALL),Dimension_SLIDE WIDTH,Dimension_HEIGHT INCL. MAG.,Dimension_,Dimension_Sight Radius POLYMER,Dimension_Sight Radius STEEL,Dimension_Sight Radius GNS,Dimension_TRIGGER DISTANCE*
G19,"The G19 Gen5 is now available as an A-CUT™ COA™ Combo with the new Aimpoint™ COA™ red dot sight. The high-performance optic ensures fast target acquisition and exceptional accuracy even in challenging conditions. With the Aimpoint A-CUT™, the optic is mounted directly on the G19 Gen5 without the need for adapter plates, ensuring maximum stability.",https://eu.glock.com/en/products/pistols/g19-gen5-a-cut-coa-combo,9 mm Luger,Safe Action®,Standard: 15,102 mm | 4.02 inch,26 N,without magazine | 600 g | 21.16 oz incl. COA,with empty magazine | 680 g | 23.99 oz incl. COA,with loaded magazine** | 865 g | 30.51 oz incl. COA,185 mm | 7.28 inch,174 mm | 6.85 inch,34 mm | 1.34 inch,"25,5 mm | 1.00 inch",128 mm | 5.04 inch,148 mm | 5.83 inch,N/A,146 mm | 5.75 inch,N/A,70 mm | 2.76 inch
G43X,"The G43X is now available as an A-CUT™ COA™ Combo with the new Aimpoint™ COA™ red dot sight, a high-performance optic that ensures fast target acquisition and exceptional accuracy even in demanding conditions. With the Aimpoint A-CUT™, the optic is mounted directly on the G43X without the need for adapter plates, ensuring maximum stability.",https://eu.glock.com/en/products/pistols/g43x-a-cut-coa-combo,9 mm Luger,Safe Action®,Standard: 10,87 mm | 3.43 inch,24 N,without magazine | 480 g | 16.93 oz incl. COA,with empty magazine | 545 g | 19.22 oz incl. COA,with loaded magazine** | 670 g | 23.63 oz incl. COA,165 mm | 6.50 inch,154 mm | 6.06 inch,28 mm | 1.10 inch,22 mm | 0.87 inch,128 mm | 5.04 inch,148 mm | 5.83 inch,N/A,126 mm | 4.96 inch,N/A,67 mm | 2.64 inch
G45,"The G45 is now available as an A-CUT™ COA™ Combo with the new Aimpoint™ COA™ red dot sight, a high-performance optic that ensures fast target acquisition and exceptional accuracy even in demanding conditions. With the Aimpoint A-CUT™, the optic is mounted directly on the G45 without the need for adapter plates, ensuring maximum stability.",https://eu.glock.com/en/products/pistols/g45-a-cut-coa-combo,9 mm Luger,Safe Action®,Standard: 17,102 mm | 4.02 inch,26 N,without magazine | 620 g | 21.87 oz incl. COA,with empty magazine | 700 g | 24.69 oz incl. COA,with loaded magazine** | 910 g | 32.10 oz incl. COA,189 mm | 7.44 inch,174 mm | 6.85 inch,34 mm | 1.34 inch,"25,5 mm | 1.00 inch",139 mm | 5.47 inch,159 mm | 6.26 inch,N/A,146 mm | 5.75 inch,N/A,70 mm | 2.76 inch
G47,"The G47 is now available as an A-CUT™ COA™ Combo with the new Aimpoint™ COA™ red dot sight, a high-performance optic that ensures fast target acquisition and exceptional accuracy even in demanding conditions. With the Aimpoint A-CUT™, the optic is mounted directly on the G47 without the need for adapter plates, ensuring maximum stability.",https://eu.glock.com/en/products/pistols/g47-a-cut-coa-combo,9 mm Luger,Safe Action®,Standard: 17,114 mm | 4.49 inch,26 N,without magazine | 640 g | 22.58 oz incl. COA,with empty magazine | 720 g | 25.40 oz incl. COA,with loaded magazine** | 930 g | 32.80 oz incl. COA,202 mm | 7.95 inch,186 mm | 7.32 inch,34 mm | 1.34 inch,25.5 mm | 1.00 inch,139 mm | 5.47 inch,159 mm | 6.26 inch,N/A,158 mm | 6.22 inch,N/A,70 mm | 2.76 inch
G48,"The G48 is now available as an A-CUT™ COA™ Combo with the new Aimpoint™ COA™ red dot sight, a high-performance optic that ensures fast target acquisition and exceptional accuracy even in demanding conditions. With the Aimpoint A-CUT™, the optic is mounted directly on the G48 without the need for adapter plates, ensuring maximum stability.",https://eu.glock.com/en/products/pistols/g48-a-cut-coa-combo,9 mm Luger,Safe Action®,Standard: 10,106 mm | 4.17 inch,24 N,without magazine | 540 g | 19.05 oz incl. COA,with empty magazine | 605 g | 21.34 oz incl. COA,with loaded magazine** | 730 g | 25.75 oz incl. COA,185 mm | 7.28 inch,174 mm | 6.85 inch,28 mm | 1.10 inch,22 mm | 0.87 inch,128 mm | 5.04 inch,148 mm | 5.83 inch,N/A,146 mm | 5.75 inch,N/A,67 mm | 2.64 inch
G17,"Designed for professionals, the GLOCK 17 is trusted by law enforcement officers and military personnel around the globe because of its unsurpassed reliability, optimal magazine capacity of 17 rounds in the standard magazine and its low weight. With the signature ""Safe Action"" trigger system, the GLOCK 17 9 mm Luger pistol is safe, easy, and quick - precisely what you need in critical situations.",https://eu.glock.com/en/products/pistols/g17,9 mm Luger,Safe Action®,Standard: 17 | Optional: 19 / 24 / 31 / 33 / 10,114 mm | 4.49 inch,28 N,without magazine | 625 g | 22.05 oz,with empty magazine | 705 g | 24.87 oz,with loaded magazine** | 915 g | 32.28 oz,204 mm | 8.03 inch,186 mm | 7.32 inch,32 mm | 1.26 inch,"25,5 mm | 1.0 inch",139 mm | 5.47 inch,,165 mm | 6.50 inch,164 mm | 6.46 inch,163 mm | 6.42 inch,72 mm | 2.83 inch
G17,"The Modular Beavertail Backstrap Set of the GLOCK 17 Gen4 allows one to easily customize its grip to add comfort, regardless of the shooter's hand size. The surface of the frame features the new Gen4 rough textured profile. Internally, the new GLOCK dual recoil spring assembly substantially reduces the wear and tear on the system. A reversible enlarged magazine catch, changeable at user level accommodates left and right-handed operators.",https://eu.glock.com/en/products/pistols/g17-gen4,9 mm Luger,Safe Action®,Standard: 17 | Optional: 19 / 24 / 31 / 33 / 10,114 mm | 4.49 inch,28 N,without magazine | 625 g | 22.05 oz,with empty magazine | 705 g | 24.87 oz,with loaded magazine** | 915 g | 32.28 oz,202 mm | 7.95 inch,186 mm | 7.32 inch,32 mm | 1.26 inch,"25,5 mm | 1.0 inch",139 mm | 5.47 inch,,165 mm | 6.50 inch,164 mm | 6.46 inch,163 mm | 6.42 inch,70 mm | 2.76 inch
G17,"The GLOCK 17 Gen4 in MOS Configuration is a full-sized, optics-ready pistol perfect for duty and self-defence. The MOS Configuration makes it easy to mount a miniature reflex sight on the pistol’s slide without the need for a new slide or separate mounting system.",https://eu.glock.com/en/products/pistols/g17-gen4-mos,9 mm Luger,Safe Action®,Standard: 17 | Optional: 19 / 24 / 31 / 33 / 10,114 mm | 4.49 inch,28 N,without magazine | 625 g | 22.05 oz,with empty magazine | 705 g | 24.87 oz,with loaded magazine** | 915 g | 32.28 oz,202 mm | 7.95 inch,186 mm | 7.32 inch,32 mm | 1.26 inch,"25,5 mm | 1.0 inch",139 mm | 5.47 inch,,170 mm | 6.69 inch,169 mm | 6.65 inch,168 mm | 6.61 inch,70 mm | 2.76 inch
G17,"The new frame design of the GLOCK 17 Gen5 removed the finger grooves for more versatility but still allows to easily customize its grip by using the different Beavertail Backstraps. The slide has the superior GLOCK hard-surface  in non-reflective black. It comes with (FS) which provide an additional tactile surface choice when manipulating the slide giving the operator positive traction even with wet or sweaty hand. 

The of the frame gives the user more speed during reloading when fractions of a second matter. A reversible enlarged magazine catch, changeable at user level as well as the ambidextrous slide stop lever accommodate left and right-handed operators.",https://eu.glock.com/en/products/pistols/g17-gen5,9 mm Luger,Safe Action®,Standard: 17 | Optional: 10 / 24,114 mm  | 4.49 inch,26 N,without magazine | 630 g  | 22.22 oz,with empty magazine | 708 g  | 24.97 oz,with loaded magazine** | 945 g  | 33.33 oz,202 mm | 7.95 inch,186 mm | 7.32 inch,34 mm | 1.34 inch,"25,5 mm  | 1.00 inch",139 mm | 5.47 inch,,165 mm | 6.50 inch,164 mm | 6.46 inch,163 mm | 6.42 inch,70 mm | 2.76 inch
G17,"With the G17 Gen5 MOS GLOCK enhances the already near-perfect Gen5 model of ""The original"" with the addition of the Modular Optic System (MOS). The slide is precision machined to provide a mounting system for popular optic sights. With , you can quickly and easily mount miniature red dot sights to the rear of the Gen5 GLOCK slide, which has for easier and quicker manipulations.",https://eu.glock.com/en/products/pistols/g17-gen5-mos,9 mm Luger,Safe Action®,Standard: 17 | Optional: 10 / 24,114 mm  | 4.49 inch,26 N,without magazine | 625 g  | 22.05 oz,with empty magazine | 705 g  | 24.87 oz,with loaded magazine** | 945 g  | 33.33 oz,202 mm | 7.95 inch,186 mm | 7.32 inch,34 mm | 1.34 inch,"25,5 mm  | 1.00 inch",139 mm | 5.47 inch,,169 mm | 6.65 inch,168 mm | 6.61 inch,167 mm | 6.57 inch,70 mm | 2.76 inch
G17L,"The GLOCK 17L is an ideal competition pistol with a long barrel, a slotted and accurately balanced slide, long sight radius and a slightly lighter trigger pull for ultimate precision.",https://eu.glock.com/en/products/pistols/g17-l,9 mm Luger,Safe Action®,Standard: 17 | Optional: 19 / 24 / 31 / 33 / 10,153 mm | 6.02 inch,24 N,without magazine | 675 g | 23.81 oz,with empty magazine | 755 g | 26.63 oz,with loaded magazine** | 960 g | 33.86 oz,242 mm | 9.53 inch,225 mm | 8.86 inch,33 mm | 1.30 inch,"25,5 mm | 1.0 inch",139 mm | 5.47 inch,,205 mm | 8.07 inch,204 mm | 8.03 inch,203 mm | 7.99 inch,72 mm | 2.83 inch
G17L,"As a long slide model, the G17L chambered in 9 mm Luger has the longest slide of all GLOCK Models and features the greatest sight radius for fast target acquisition. All its engineering features such as the extended ambidextrous slide stop lever, the extended reversible magazine catch and the modular beavertail backstrap system let you customize the pistol to your personal needs and preferences.",https://eu.glock.com/en/products/pistols/g17l-gen5-mos,9 mm Luger,Safe Action®,Standard: 17 | Optional: 10 / 24,153 mm I 6.02 inch,24 N,without magazine | 640 g I 22.58 oz,with empty magazine | 720 g I 25.40 oz,with loaded magazine** | 920 g I 32.45 oz,240 mm I 9.45 inch,225 mm I 8.86 inch,34 mm I 1.34 inch,25.5 mm I 1.00 inch,139 mm I 5.47 inch,,208 mm I 8.19 inch,207 mm I 8.15 inch,206 mm I 8.11 inch,70 mm I 2.76 inch
G18,"As a true fully automatic pistol the G18 is one of the most specialized GLOCK pistols. With an external fire selector at the rear of the slide you can switch from semi-automatic to full-automatic firing mode.

It comes with an extended 19 round magazine and can provide greater firepower with the optional. The rate of fire in full-automatic-mode is approximately .

Released in 1987 the pistol has the same characteristics like other previous models and the frame size of the service pistol classic G17.",https://eu.glock.com/en/products/pistols/g18,9 mm Luger,"Safe Action®
Semi-/Full-automatic firing mode",Standard: 19 | Optional: 17 / 24 / 31 / 33,114 mm | 4.49 inch,25 N,without magazine | 625 g | 22.05 oz,with empty magazine | 705 g | 24.87 oz,with loaded magazine** | 940 g | 33.16 oz,204 mm | 8.03 inch,186 mm | 7.32 inch,34 mm | 1.34 inch,"29,5 mm | 1.16 inch",155 mm | 6.10 inch,,165 mm | 6.50 inch,164 mm | 6.46 inch,163 mm | 6.42 inch,72 mm | 2.83 inch
G18C,"The GLOCK G18C comes with compensator slots in the barrel and slide. This should afford the shooter more control to the rapid-firing. With an external fire selector at the rear of the slide you can switch from semi-automatic to full-automatic firing mode.

It comes with an extended 19 round magazine and can provide greater firepower with the optional 33-round magazine. The rate of fire in full-automatic-mode is approximately 20 rounds per second.

With the frame size of the original model G17 the G18C provides the user stable shooting properties.",https://eu.glock.com/en/products/pistols/g18-c,9 mm Luger,"Safe Action®
Semi-/Full-automatic firing mode",Standard: 19 | Optional: 17 / 24 / 31 / 33,114 mm | 4.49 inch,25 N,without magazine | 590 g | 20.81 oz,with empty magazine | 670 g | 23.63 oz,with loaded magazine** | 905 g | 31.92 oz,204 mm | 8.03 inch,186 mm | 7.32 inch,34 mm | 1.34 inch,"29,5 mm | 1.16 inch",155 mm | 6.10 inch,,165 mm | 6.50 inch,164 mm | 6.46 inch,163 mm | 6.42 inch,72 mm | 2.83 inch
G19,"The GLOCK 19 in 9 mm Luger is ideal for a versatile role thanks to its reduced dimensions when compared to the standard sized option. In addition to its use as a conventional service pistol, it is ideal for use as a backup weapon or for concealed carry purpose.",https://eu.glock.com/en/products/pistols/g19,9 mm Luger,Safe Action®,Standard: 15 | Optional: 17 / 19 / 24 / 31 / 33 / 10,102 mm | 4.02 inch,28 N,without magazine | 600 g | 21.16 oz,with empty magazine | 670 g | 23.63 oz,with loaded magazine** | 855 g | 30.16 oz,187 mm | 7.36 inch,174 mm | 6.85 inch,32 mm | 1.26 inch,"25,5 mm | 1.0 inch",128 mm | 5.04 inch,,153 mm | 6.02 inch,152 mm | 5.98 inch,151 mm | 5.94 inch,"71,2 mm | 2.80 inch"
G19,"The GLOCK 19 Gen4 pistol in 9 mm Luger offers great firepower while allowing to shoot quick and accurately. It is ideal for a more versatile role due to its reduced dimensions, without sacrificing all-important magazine capacity. The Modular Beavertail Backstrap System makes it possible to instantly customize its grip to accommodate any hand size. The reversible magazine catch makes it ideal for left and right-handed shooters.",https://eu.glock.com/en/products/pistols/g19-gen4,9 mm Luger,Safe Action®,Standard: 15 | Optional: 17 / 19 / 24 / 31 / 33 / 10,102 mm | 4.02 inch,28 N,without magazine | 600 g | 21.16 oz,with empty magazine | 670 g | 23.63 oz,with loaded magazine** | 855 g | 30.16 oz,185 mm | 7.28 inch,174 mm | 6.85 inch,32 mm | 1.26 inch,"25,5 mm | 1.0 inch",128 mm | 5.04 inch,,153 mm | 6.02 inch,152 mm | 5.98 inch,151 mm | 5.94 inch,70 mm | 2.76 inch
G19,"As quick-targeting reflex sights have made their way onto defensive carry guns, GLOCK developed the G19 Gen4 in MOS configuration. This makes mounting a reflex sight on the pistol’s slide without the need for a new slide or separate mounting System quick and easy. Adding to that, the Modular Beavertail Backstrap System makes it possible to instantly customize its grip to accommodate any hand size. The reversible magazine catch makes it ideal for left and right-handed shooters.",https://eu.glock.com/en/products/pistols/g19-gen4-mos,9 mm Luger,Safe Action®,Standard: 15 | Optional: 17 / 19 / 24 / 31 / 33 / 10,102 mm | 4.02 inch,28 N,without magazine | 600 g | 21.16 oz,with empty magazine | 670 g | 23.63 oz,with loaded magazine** | 855 g | 30.16 oz,185 mm | 7.28 inch,174 mm | 6.85 inch,32 mm | 1.26 inch,"25,5 mm | 1.0 inch",128 mm | 5.04 inch,,158 mm | 6.22 inch,157 mm | 6.18 inch,156 mm | 6.14 inch,70 mm | 2.76 inch
G19,"The GLOCK 19 Gen5 pistol in 9 mm Luger is ideal for a more versatile role due to its reduced dimensions. The new frame design without finger grooves still allows to instantly customize its grip to accommodate any hand size by mounting the different Beavertail Backstraps.

The slide has the superior GLOCK hard-surface  in non-reflective black. It comes with (FS) which provide an additional tactile surface choice when manipulating the slide giving the operator positive traction even with wet or sweaty hand. 

The reversible magazine catch and ambidextrous slide stop lever make it ideal for left and right-handed shooters.",https://eu.glock.com/en/products/pistols/g19-gen5,9 mm Luger,Safe Action®,Standard: 15 | Optional: 17 / 10 / 24,102 mm  | 4.02 inch,26 N,without magazine | 610 g | 21.52 oz,with empty magazine | 670 g | 23.63 oz,with loaded magazine** | 855 g | 30.16 oz,185 mm  | 7.28 inch,174 mm  | 6.85 inch,34 mm  | 1.34 inch,"25,5 mm  | 1.00 inch",128 mm  | 5.04 inch,,153 mm  | 6.02 inch,152 mm  | 5.98 inch,151 mm  | 5.94 inch,70 mm  | 2.76 inch
G19,"With the G19 Gen5 MOS GLOCK enhances the desirability of the already near-perfect Gen5 model with the addition of the Modular Optic System (MOS). The slide is precision machined to provide a mounting system for popular optic sights. With , you can quickly and easily mount miniature electronic sights to the rear of the Gen5 GLOCK slide, which has for easier and quicker manipulations.",https://eu.glock.com/en/products/pistols/g19-gen5-mos,9 mm Luger,Safe Action®,Standard: 15 | Optional: 17 / 10 / 24,102 mm  | 4.02 inch,26 N,without magazine | 605 g | 21.34 oz,with empty magazine | 675 g | 23.81 oz,with loaded magazine** | 850 g | 29.98 oz,185 mm  | 7.28 inch,174 mm  | 6.85 inch,34 mm  | 1.34 inch,"25,5 mm  | 1.00 inch",128 mm  | 5.04 inch,,157 mm  | 6.18 inch,156 mm  | 6.14 inch,155 mm  | 6.10 inch,70 mm  | 2.76 inch
G19X,"GLOCK's first ever ""Crossover"" pistol, the GLOCK 19X, combines the best features of two of its most popular and most trusted field-tested platforms. The full-size GLOCK 17 frame and the compact GLOCK 19 slide have joined forces to produce the ideal pistol for all conditions and all situations.

The G19X comes in the coyote color with the , finished with an improved to prevent corrosion. Additional features include the , no finger grooves, and lanyard clip. Included with the pistol is a standard 17-round magazine, two 17+2-round magazines and coyote-colored pistol case.",https://eu.glock.com/en/products/pistols/g19x-gns,9 mm Luger,Safe Action®,Standard: | Optional: 17 / 19 / 24,102 mm | 4.02 inch,26 N,without magazine | 625 g | 22.05 oz,with empty magazine | 704 g | 24.83 oz,with loaded magazine** | 890 g | 31.39 oz,189 mm | 7.44 inch,174 mm | 6.85 inch,33 mm | 1.30 inch,"25,5 mm | 1.0 inch",139 mm | 5.47 inch,,-,152 mm | 5.98 inch,151 mm | 5.94 inch,70 mm | 2.76 inch
G26,"Similar in size and weight to the small-frame snub-nose revolvers it has replaced, the GLOCK 26 fires the popular 9 mm Luger cartridge with minimum recoil and more on-target accuracy at a fast rate of fire. It’s an ideal backup for those who use the GLOCK 17 or GLOCK 19 for open carry, even more so since the larger 9mm magazines fit the G26 as well",https://eu.glock.com/en/products/pistols/g26,9 mm Luger,Safe Action®,Standard: 10 | Optional: 12 / 17 / 19 / 15 / 24 / 31 / 33 / 10,87 mm | 3.43 inch,28 N,without magazine | 550 g | 19.40 oz,with empty magazine | 610 g | 21.52 oz,with loaded magazine** | 730 g | 25.75 oz,165 mm | 6.50 inch,159 mm | 6.26 inch,32 mm | 1.26 inch,"25,5 mm | 1.0 inch",106 mm | 4.17 inch,,137 mm | 5.39 inch,136 mm | 5.35 inch,135 mm | 5.31 inch,72 mm | 2.83 inch
G26,"The GLOCK 26 Gen4 in 9 mm Luger is one of the most sought-after concealed carry pistols. The magazine capacity of 10 rounds is standard and the highly accurate firing characteristics explain why the G26 Gen4 is the mainstay backup option among security personnel and agencies worldwide. Of course, the G26 Gen4 comes with a reversible magazine catch, the Modular Beavertail Backstrap System and improved frame texturing for solid control despite the pistol’s size.",https://eu.glock.com/en/products/pistols/g26-gen4,9 mm Luger,Safe Action®,Standard: 10 | Optional: 12 / 15 / 17 / 19 / 24 / 31 / 33 / 10,87 mm | 3.43 inch,28 N,without magazine | 550 g | 19.40 oz,with empty magazine | 610 g | 21.52 oz,with loaded magazine** | 730 g | 25.75 oz,163 mm | 6.42 inch,159 mm | 6.26 inch,32 mm | 1.26 inch,"25,5 mm | 1.0 inch",106 mm | 4.17 inch,,137 mm | 5.39 inch,136 mm | 5.35 inch,135 mm | 5.31 inch,70 mm | 2.76 inch
G26,"The GLOCK 26 is now available in GLOCK's latest generation of perfection. A popular option for concealed carry, the GLOCK 26 Gen5 now features the GLOCK Marksman Barrel (GMB), delivering increased accuracy with polygonal rifling and an improved barrel crown. Other features include the removal of the finger grooves, an ambidextrous slide and the superior GLOCK hard-surface.  

It comes with (FS) which provide an additional tactile surface choice when manipulating the slide giving the operator positive traction even with wet or sweaty hand.",https://eu.glock.com/en/products/pistols/g26-gen5,9 mm Luger,Safe Action®,Standard: 10 | Optional: 12 / 15 / 17 / 19 / 24,87 mm | 3.43 inch,26 N,without magazine | 559 g | 19.72 oz,with empty magazine | 615 g | 21.69 oz,with loaded magazine** | 739 g | 26.07 oz,163 mm | 6.42 inch,159 mm | 6.26 inch,33 mm | 1.30 inch,"25,5 mm | 1.0 inch",106 mm | 4.17 inch,,137 mm | 5.39 inch,136 mm | 5.35 inch,135 mm | 5.31 inch,70 mm | 2.76 inch
G26,"The GLOCK 26 Gen5 is now available in MOS Configuration. A popular option for concealed carry, the GLOCK 26 Gen5 MOS features the GLOCK Marksman Barrel (GMB), delivering increased accuracy with polygonal rifling and an improved barrel crown. Other features include the removal of the finger grooves, an ambidextrous slide and the superior GLOCK hard-surface nDLC finish.  

It comes with front serrations (FS) which provide an additional tactile surface choice when manipulating the slide giving the operator positive traction even with wet or sweaty hand. 

This model comes with a GLOCK MOS adapter plate for easy mounting of optical sights.",https://eu.glock.com/en/products/pistols/g26-gen5-mos,9 mm Luger,Safe Action®,Standard: 10 | Optional: 12 / 15 / 17 / 19 / 24,87 mm | 3.43 inch,26 N,without magazine | 559 g | 19.72 oz,with empty magazine | 615 g | 21.69 oz,with loaded magazine** | 739 g | 26.07 oz,163 mm | 6.42 inch,159 mm | 6.26 inch,33 mm | 1.30 inch,"25,5 mm | 1.0 inch",106 mm | 4.17 inch,,141 mm | 5.55 inch,140 mm | 5.51 inch,139 mm | 5.47 inch,70 mm | 2.76 inch
G34,"Obtaining the greatest accuracy for target engagement was the decisive reason for the development of the GLOCK 34 with its extended barrel, longer slide dimensions and elongated distance between sights. This highly-accurate pistol has found widespread use as a competitive pistol for IPSC and other shooting sports, but is also a mainstay in many SWAT teams.",https://eu.glock.com/en/products/pistols/g34,9 mm Luger,Safe Action®,Standard: 17 | Optional: 19 / 24 / 31 / 33 / 10,135 mm | 5.31 inch,24 N,without magazine | 655 g | 23.10 oz,with empty magazine | 735 g | 25.93 oz,with loaded magazine** | 945 g | 33.33 oz,224 mm | 8.82 inch,207 mm | 8.15 inch,33 mm | 1.30 inch,"25,5 mm | 1.0 inch",139 mm | 5.47 inch,,192 mm | 7.56 inch,191 mm | 7.52 inch,190 mm | 7.48 inch,72 mm | 2.83 inch
G34,"The GLOCK 34 Gen4 with its extended barrel, extra-long slide and elongated distance between sights, grants great accuracy and easy target acquisition. This highly-accurate pistol has found widespread use as a competitive pistol for IPSC and other shooting sports. The Modular Beavertail Backstrap System makes it possible to instantly customize its grip to accommodate any hand size. The reversible magazine catch makes it ideal for left and right-handed shooters.",https://eu.glock.com/en/products/pistols/g34-gen4,9 mm Luger,Safe Action®,Standard: 17 | Optional: 19 / 24 / 31 / 33 / 10,135 mm | 5.31 inch,24 N,without magazine | 655 g | 23.10 oz,with empty magazine | 735 g | 25.93 oz,with loaded magazine** | 940 g | 33.16 oz,222 mm | 8.74 inch,207 mm | 8.15 inch,33 mm | 1.30 inch,"25,5 mm | 1.0 inch",139 mm | 5.47 inch,,192 mm | 7.56 inch,191 mm | 7.52 inch,190 mm | 7.48 inch,70 mm | 2.76 inch
G34,"The GLOCK 34 Gen4 in MOS configuration combines an extended barrel and slide and elongated distance between sights with the MOS concept, making it easy to mount a reflex sight on the pistol’s slide without the need for a new slide or separate mounting system. The Modular Beavertail Backstrap System makes it possible to instantly customize its grip to accommodate any hand size. The reversible magazine catch makes it ideal for left and right-handed shooters.",https://eu.glock.com/en/products/pistols/g34-gen4-mos,9 mm Luger,Safe Action®,Standard: 17 | Optional: 19 / 24 / 31 / 33 / 10,135 mm | 5.31 inch,24 N,without magazine | 660 g | 23.28 oz,with empty magazine | 740 g | 26.10 oz,with loaded magazine** | 950 g | 33.51 oz,222 mm | 8.74 inch,207 mm | 8.15 inch,33 mm | 1.30 inch,"25,5 mm | 1.0 inch",139 mm | 5.47 inch,,191 mm | 7.52 inch,190 mm | 7.48 inch,189 mm | 7.44 inch,70 mm | 2.76 inch
G34,"The GLOCK 34 Gen5 MOS features an extended barrel and greater slide dimensions, making it a favorite among sport shooting competitors.",https://eu.glock.com/en/products/pistols/g34-gen5-mos,9 mm Luger,Safe Action®,Standard: 17 | Optional: 10 / 24,135 mm | 5.31 inch,24 N,without magazine | 665 g | 23.46 oz,with empty magazine | 743 g  | 26.21 oz,with loaded magazine** | 980 g | 34.57 oz,222 mm  | 8.74 inch,207 mm | 8.15 inch,34 mm  | 1.34 inch,"25,5 mm  | 1.0 inch",139 mm | 5.47 inch,,191 mm | 7.52 inch,190 mm | 7.48 inch,189 mm | 7.44 inch,70 mm | 2.76 inch
G43,"The already legendary G43 is a GLOCK Single stack, 9 mm Luger caliber pistol. It is ultra-concealable, accurate and a fantastic tool for all shooters regardless of one’s hand size. The grip has a built-in beaver tail design which allows the shooter to acquire a high and tight grip. The aggressive texture of the grip surface allows for comfortable and reliable operation of the pistol. The large magazine catch makes quick work of removing the six round magazine. Engineered based on the same superlative standards that GLOCK is famous for, the tiny G43 tolerates the same torture tests all its bigger brothers in the GLOCK pistol family withstand.",https://eu.glock.com/en/products/pistols/g43,9 mm Luger,Safe Action®,Standard: 6,"86,5 mm | 3.41 inch",24 N,without magazine | 460 g | 16.23 oz,with empty magazine | 510 g | 17.99 oz,with loaded magazine** | 585 g | 20.64 oz,159 mm | 6.26 inch,154 mm | 6.06 inch,27 mm | 1.06 inch,22 mm | 0.87 inch,108 mm | 4.25 inch,,133 mm | 5.24 inch,132 mm | 5.20 inch,131 mm | 5.16 inch,65 mm | 2.56 inch
G43X,,https://eu.glock.com/en/products/pistols/g43x-mos,9 mm Luger,Safe Action®,Standard: 10,87 mm | 3.41 inch,24 N,without magazine | 461 g | 16.26 oz,with empty magazine | 526 g | 18.55 oz,with loaded magazine** | 651 g | 22.96 oz,165 mm | 6.50 inch,154 mm | 6.06 inch,28 mm | 1.10 inch,22 mm | 0.87 inch,128 mm | 5.04 inch,,133 mm | 5.24 inch,132 mm | 5.20 inch,131 mm | 5.16 inch,67 mm | 2.64 inch
G43X,"Chambered in 9 mm Luger the G43X Rail features a compact Slimline frame with a slim mounting rail as well as a 10-round magazine capacity making it ideal for concealed carry.

The G43X Rail has the same compact-size grip length with a minimal profile and a built-in beaver tail as the G48 for a comfortably balanced, versatile grip that’s ideal for a variety of users.

The frame features the GLOCK Mounting rail slim for mounting tactical accessories and incorporates elements of the Slimline series such as the short trigger distance, a frame with a built-in beavertail, a reversible magazine catch and the incredibly accurate, match-grade GLOCK Marksman Barrel (GMB) of the Gen5 series. The G43X Rail also feature precision-milled front serrations.

The slim (01) magazine is built in reliable GLOCK style, it has an orange magazine follower for higher visibility and is specifically developed to ensure the 10 rds magazine capacity.

Engineered with the GLOCK perfection promise, this Slimline pistol model features the Safe Action System and will soon be available as a combo version with specific tactical light.",https://eu.glock.com/en/products/pistols/g43x-rail,9 mm Luger,Safe Action®,Standard: 10,87 mm | 3.41 inch,24 N,without magazine | 465 g | 16.40 oz,with empty magazine | 530 g | 18.70 oz,with loaded magazine** | 654 g | 23.07 oz,165 mm | 6.50 inch,154 mm | 6.06 inch,28 mm | 1.10 inch,22 mm | 0.87 inch,128 mm | 5.04 inch,,133 mm | 5.24 inch,132 mm | 5.20 inch,131 mm | 5.16 inch,67 mm | 2.64 inch
G45,"The compact crossover pistol G45 in 9x19mm combines a compact slide with a full size frame and has all the benefits of a Gen5 model. Utilizing the design and engineering GLOCK developed for its military pistol (G19X), combined with Operator and worldwidespecifications.

The slide has the proven, superior GLOCK hard-surface in non-reflective black. It comes with (FS) which provide an additional tactile surface choice when manipulating the slide giving the operator positive traction even with wet or sweaty hand. The frame is also subdued black, with a flared magazine well for fast reloads in critical situations. Additional features include the smoother trigger pull, the enhanced texture for sure handling, a reversible magazine catch, ambidextrous slide stop lever, the (MBS) for individual ajustability and the incredibly accurate, reliable (GMB).

With the G45 GLOCK has - tested, proven and unmatched by any others.",https://eu.glock.com/en/products/pistols/g45,9 mm Luger,Safe Action®,Standard: 17 | Optional: 19 / 24 / 31 / 33,102 mm | 4.02 inch,26 N,without magazine | 616 g | 21.73 oz,with empty magazine | 694 g | 24.48 oz,with loaded magazine** | 860 g | 30.34 oz,189 mm | 7.44 inch,174 mm | 6.85 inch,34 mm | 1.34 inch,"25,5 mm | 1.0 inch",139 mm | 5.47 inch,,153 mm | 6.02 inch,152 mm | 5.98 inch,151 mm | 5.94 inch,70 mm | 2.76 inch
G45,"The compact crossover pistol G45 MOS in 9x19mm combines a compact slide with a full size frame and has all the benefits of a Gen5 model. The slide in MOS Configuration makes it easy to mount a miniature reflex sight on the pistol’s slide without the need for a new slide or separate mounting system. Utilizing the design and engineering GLOCK developed for its military pistol (G19X), combined with Operator and worldwidespecifications.

The slide has the proven, superior GLOCK hard-surface  in non-reflective black. It comes with (FS) which provide an additional tactile surface choice when manipulating the slide giving the operator positive traction even with wet or sweaty hand. The frame is also subdued black, with a flared magazine well for fast reloads in critical situations. Additional features include the smoother trigger pull, the enhanced texture for sure handling, a reversible magazine catch, ambidextrous slide stop lever, the (MBS) for individual ajustability and the incredibly accurate, reliable (GMB).

With the G45 MOS GLOCK has - tested, proven and unmatched by any others.",https://eu.glock.com/en/products/pistols/g45-mos,9 mm Luger,Safe Action®,Standard: 17 | Optional: 19 / 24 / 31 / 33,102 mm | 4.02 inch,26 N,without magazine | 616 g | 21.73 oz,with empty magazine | 695 g | 24.52 oz,with loaded magazine** | 860 g | 30.34 oz,189 mm | 7.44 inch,174 mm | 6.85 inch,34 mm | 1.34 inch,"25,5 mm | 1.0 inch",139 mm | 5.47 inch,,157 mm | 6.18 inch,156 mm | 6.14 inch,155 mm | 6.10 inch,70 mm | 2.76 inch
G45,The Crossover model in 9mm Luger is now available in a special olive-green finish. The pistol combines the full-size frame of the G17 with a compact G19 slide while the MOS configuration allows for easy mounting of optical sights. It comes with a threaded barrel and an extended floor plate.,https://eu.glock.com/en/products/pistols/g45-mos-hunter-edition,9 mm Luger,Safe Action®,Standard: 17 | Optional: 19 / 24 / 31 / 33,117 mm I 4.61 inch,26 N,without magazine | 640 g I 22.58 oz,with empty magazine | 725 g I 25.57 oz,with loaded magazine** | 940 g I 33.16 oz,204 mm I 8.03 inch,174 mm I 6.85 inch,34 mm I 1.34 inch,25.5 mm I 1.00 inch,148 mm I 5.83 inch,,157 mm I 6.18 inch,156 mm I 6.14 inch,155 mm I 6.10 inch,70 mm I 2.76 inch
G47,"The G47 MOS with its no-compromise design, combines all the features demanded of the modern handgun of today – and of tomorrow! This standard size pistol combines a GLOCK 17 Gen5 MOS slide with a G45 frame.

The slide has the proven, superior GLOCK nDLC finish. The frame with a flared magazine well completely encircles the front of the grip. Fast reloads in critical situations can be performed with speed and efficiency. Additionally, there are forward serrations precision-milled near the front, forward of the ejection port on both sides.",https://eu.glock.com/en/products/pistols/g47-mos,9 mm Luger,Safe Action®,Standard: 17 | Optional: 17 / 19 / 24 / 31 / 33,114 mm | 4.49 inch,26 N,without magazine | 658 g | 23.21 oz,with empty magazine | 735 g | 25.93 oz,with loaded magazine** | 972 g | 34.29 oz,202 mm | 7.95 inch,186 mm | 7.32 inch,34 mm | 1.34 inch,"25,5 mm | 1.00 inch",139 mm | 5.47 inch,,169 mm | 6.65 inch,168 mm | 6.61 inch,167 mm | 6.57 inch,70 mm | 2.76 inch
G48,,https://eu.glock.com/en/products/pistols/g48-mos,9 mm Luger,Safe Action®,Standard: 10,106 mm | 4.17 inch,24 N,without magazine | 519 g | 18.31 oz,with empty magazine | 584 g | 20.60 oz,with loaded magazine** | 708 g | 24.97 oz,185 mm | 7.28 inch,174 mm | 6.85 inch,28 mm | 1.10 inch,22 mm | 0.87 inch,128 mm | 5.04 inch,,152 mm | 5.98 inch,151 mm | 5.94 inch,150 mm | 5.91 inch inch,67 mm | 2.64 inch
G48,"Chambered in 9 mm Luger the G48 Rail features a compact Slimline frame with a slim mounting rail and a black slide with nDLC finish as well as a 10-round magazine capacity making it ideal for concealed carry.

The G48 Rail is of similar length and height as the G19 but the width of the pistol is reduced for increased concealability and better carrying comfort.

The frame features the GLOCK Mounting rail slim for mounting tactical accessories and incorporates elements of the Slimline series such the short trigger distance, a frame with a built-in beavertail, a reversible magazine catch and the incredibly accurate, match-grade GLOCK Marksman Barrel (GMB) of the Gen5 series. The G48 Rail also features precision-milled front serrations.

The slim (01) magazine is built in reliable GLOCK style, it has an orange magazine follower for higher visibility and is specifically developed to ensure the 10 rds magazine capacity.

Engineered with the GLOCK perfection promise, this Slimline pistol model features the Safe Action System and will soon be available as a combo version with specific tactical light.",https://eu.glock.com/en/products/pistols/g48-rail,9 mm Luger,Safe Action®,Standard: 10,106 mm | 4.17 inch,24 N,without magazine | 524 g | 18.48 oz,with empty magazine | 588 g | 20.74 oz,with loaded magazine** | 712 g | 25.12 oz,185 mm | 7.28 inch,174 mm | 6.85 inch,28 mm | 1.10 inch,22 mm | 0.87 inch,128 mm | 5.04 inch,,152 mm | 5.98 inch,151 mm | 5.94 inch,150 mm | 5.91 inch,67 mm | 2.64 inch
G48,"The G48 in caliber 9mm Luger is of similar length and height as the G19 but the width of the pistol is reduced for increased concealability and high carrying comfort.

The of the of the G48 is .

The G48 comes with a with and features the .",https://eu.glock.com/en/products/pistols/g48-silver-slide,9 mm Luger,Safe Action®,Standard: 10,106 mm | 4.17 inch,24 N,without magazine | 524 g | 18.48 oz,with empty magazine | 588 g | 20.74 oz,with loaded magazine** | 712 g | 25.12 oz,185 mm | 7.28 inch,174 mm | 6.85 inch,28 mm | 1.10 inch,22 mm | 0.87 inch,128 mm | 5.04 inch,,152 mm | 5.98 inch,151 mm | 5.94 inch,150 mm | 5.91 inch,67 mm | 2.64 inch
G17,GLOCK cutaway models are produced for technical and firearms’ training and clearly illustrate the ingeniously simple internal mechanisms of the GLOCK pistol.,https://eu.glock.com/en/products/pistols/g17-gen4-cut,9 mm Luger,Safe Action®,Standard:,114 mm | 4.49 inch,28 N,without magazine | 520 g | 18.34 oz,with empty magazine | 600 g | 21.16 oz,with loaded magazine** | —,202 mm | 7.95 inch,186 mm | 7.32 inch,32 mm | 1.26 inch,"25,5 mm | 1.0 inch",139 mm | 5.47 inch,,165 mm | 6.50 inch,164 mm | 6.46 inch,163 mm | 6.42 inch,70 mm | 2.76 inch
G17,"GLOCK cutaway models are produced for technical and firearms’ training and clearly illustrate the ingeniously simple internal mechanisms of the GLOCK pistol. The G17 Gen5 Cut pistol has cutouts on the slide and frame that give the option to visually see the revolutionary Safe Action System. The perfect model for training classes, presentations and trade fairs.",https://eu.glock.com/en/products/pistols/g17-gen5-cut,9 mm Luger,Safe Action®,Standard:,114 mm | 4.49 inch,26 N,without magazine | 525 g | 18.52 oz,with empty magazine | 605 g | 21.34 oz,with loaded magazine** | —,202 mm | 7.95 inch,186 mm | 7.32 inch,34 mm | 1.34 inch,"25,5 mm | 1.0 inch",139 mm | 5.47 inch,,165 mm | 6.50 inch,164 mm | 6.46 inch,163 mm | 6.42 inch,70 mm | 2.76 inch
G17P,"Proper grip, loading and unloading, sight alignment, trigger squeeze and disassembling are all part of a shooter's training routine. The GLOCK Practice Pistol was developed to eliminate dangerous scenarios during training exercises. Identical to a GLOCK pistol in handling, weight, size and balance, it puts the real thing in your hand, without any firing capability.",https://eu.glock.com/en/products/pistols/g17-p,9 mm Luger,Safe Action®,Standard: 17,114 mm | 4.49 inch,28 N,without magazine | 625 g | 22.05 oz,with empty magazine | 705 g | 24.87 oz,with loaded magazine** | 915 g | 32.28 oz,204 mm | 8.03 inch,186 mm | 7.32 inch,32 mm | 1.26 inch,"25,5 mm | 1.0 inch",139 mm | 5.47 inch,,165 mm | 6.50 inch,164 mm | 6.46 inch,163 mm | 6.42 inch,72 mm | 2.83 inch
G17P,"Proper grip, loading and unloading, sight alignment, trigger squeeze and disassembling are all part of a shooter's training routine. The GLOCK 17P Gen5 practice pistol was developed to eliminate dangerous scenarios during training exercises. Identical to a GLOCK pistol in handling, weight, size and balance, it puts the real thing in your hand, without any firing capability.

The GLOCK Practice pistols of the Gen5 have a new red colored coating for the slide which makes them recognizable as a training tool at the first glance.",https://eu.glock.com/en/products/pistols/g17p-gen5,9 mm Luger,Safe Action®,Standard: 17,114 mm | 4.49 inch,26 N,without magazine | 630 g | 22.22 oz,with empty magazine | 708 g | 24.97 oz,with loaded magazine** | 945 g | 33.33 oz,202 mm | 7.95 inch,186 mm | 7.32 inch,34 mm | 1.34 inch,25.5 mm | 1.0 inch,139 mm | 5.47 inch,,165 mm | 6.50 inch,164 mm | 6.46 inch,163 mm | 6.42 inch,70 mm | 2.76 inch
G19,GLOCK cutaway models are produced for technical and firearms’ training and clearly illustrate the ingeniously simple internal mechanisms of the GLOCK pistol.,https://eu.glock.com/en/products/pistols/g19-gen4-cut,9 mm Luger,Safe Action®,Standard:,102 mm | 4.02 inch,28 N,without magazine | 500 g | 17.64 oz,with empty magazine | 565 g | 19.93 oz,with loaded magazine** | —,185 mm | 7.28 inch,174 mm | 6.85 inch,32 mm | 1.26 inch,"25,5 mm | 1.0 inch",128 mm | 5.04 inch,,153 mm | 6.02 inch,152 mm | 5.98 inch,151 mm | 5.94 inch,70 mm | 2.76 inch
G19,"GLOCK cutaway models are produced for technical and firearms’ training and clearly illustrate the ingeniously simple internal mechanisms of the GLOCK pistol. The G19 Gen5 Cut pistol has cutouts on the slide and frame that give the option to visually see the revolutionary Safe Action System. The perfect model for training classes, presentations and trade fairs.",https://eu.glock.com/en/products/pistols/g19-gen5-cut,9 mm Luger,Safe Action®,Standard:,102 mm | 4.02 inch,26 N,without magazine | 515 g | 18.17 oz,with empty magazine | 575 g | 20.28 oz,with loaded magazine** | —,185 mm | 7.28 inch,174 mm | 6.85 inch,34 mm | 1.34 inch,"25,5 mm | 1.0 inch",128 mm | 5.04 inch,,153 mm | 6.02 inch,152 mm | 5.98 inch,151 mm | 5.94 inch,70 mm | 2.76 inch
G19P,"Proper grip, loading and unloading, sight alignment, trigger squeeze and disassembling are all part of a shooter's training routine. The GLOCK 19P Gen5 practice pistol was developed to eliminate dangerous scenarios during training exercises. Identical to a GLOCK pistol in handling, weight, size and balance, it puts the real thing in your hand, without any firing capability.

The GLOCK Practice pistols of the Gen5 have a new red colored coating for the slide which makes them recognizable as a training tool at the first glance.",https://eu.glock.com/en/products/pistols/g19p-gen5,9 mm Luger,Safe Action®,Standard: 15,102 mm | 4.02 inch,26 N,without magazine | 610 g | 21.52 oz,with empty magazine | 670 g | 23.63 oz,with loaded magazine** | 855 g | 30.16 oz,185 mm | 7.28 inch,174 mm | 6.85 inch,34 mm | 1.34 inch,25.5 mm | 1.0 inch,128 mm | 5.04 inch,,153 mm | 6.02 inch,152 mm | 5.98 inch,151 mm | 5.94 inch,70 mm | 2.76 inch
G26,GLOCK cutaway models are produced for technical and firearms’ training and clearly illustrate the ingeniously simple internal mechanisms of the GLOCK pistol.,https://eu.glock.com/en/products/pistols/g26-cut,9 mm Luger,Safe Action®,Standard:,87 mm | 3.43 inch,28 N,without magazine | 460 g | 16.23 oz,with empty magazine | 515 g | 18.17 oz,with loaded magazine** | —,165 mm | 6.50 inch,159 mm | 6.26 inch,32 mm | 1.26 inch,"25,5 mm | 1.0 inch",106 mm | 4.17 inch,,137 mm | 5.39 inch,136 mm | 5.35 inch,135 mm | 5.31 inch,72 mm | 2.83 inch
G45P,"Proper grip, loading and unloading, sight alignment, trigger squeeze and disassembling are all part of a shooter's training routine. The GLOCK Practice pistol was developed to eliminate dangerous scenarios during training exercises.

Identical to the GLOCK pistol G45 in handling, weight, size and balance, it puts the real thing in your hand, without any firing capability.

The GLOCK Practice pistol G45P has a new red colored coating for the slide which makes it recognizable as a training tool at the first glance.",https://eu.glock.com/en/products/pistols/g45-p,9 mm Luger,Safe Action®,Standard: 17 | Optional: 17,102 mm | 4.02 inch,26 N,without magazine | 615 g | 21.69 oz,with empty magazine | 695 g | 24.52 oz,with loaded magazine** | 860 g | 30.34 oz,189 mm | 7.44 inch,174 mm | 6.85 inch,34 mm | 1.34 inch,"25,5 mm | 1.0 inch",139 mm | 5.47 inch,,153 mm | 6.02 inch,152 mm | 5.98 inch,151 mm | 5.94 inch,70 mm | 2.76 inch
G44,"Once you start with perfection – you stay with perfection. The G44 is the ideal pistol to start or enhance your shooting career at the range. The perfect mix of polymer and steel gives the experience of shooting a GLOCK pistol while handling a lightweight low recoil handgun.

The G44 is a compact size rimfire pistol you can adapt to nearly every hand size by using the different backstraps supplied with the pistol. It is tested with a broad range of ammunition and its GLOCK Marksman barrel stands for high precision.

The right equipment is essential, the G44 comes with adjustable slim polymer rear sights, two magazines with loading assist, a screwdriver for the sights, a new cleaning kit for the smaller barrel and a set of beavertail backstraps. Everything a well prepared shooter needs.",https://eu.glock.com/en/products/pistols/g44,22 l.r.,Safe Action®,Standard: 10,102 mm | 4.02 inch,26 N,without magazine | 358 g | 12.63 oz,with empty magazine | 415 g  | 14.64 oz,with loaded magazine** | 465 g | 16.40 oz,185 mm | 7.28 inch,174 mm | 6.85 inch,32 mm | 1.26 inch,"25,5 mm | 1.00 inch",128 mm | 5.04 inch,,153 mm | 6.02 inch 158 mm | 6.22 inch (adjustable),152 mm | 5.98 inch,151 mm | 5.94 inch,70 mm | 2.76 inch
G22,"By far the most popular police service pistol in the United States, the GLOCK 22 fires the potent 40 S&W cartridge and holds more rounds for its size and weight than most other full-sized handgun in its class.",https://eu.glock.com/en/products/pistols/g22,40 S&W,Safe Action®,Standard: 15 | Optional: 22 / 16 / 10,114 mm | 4.49 inch,28 N,without magazine | 645 g | 22.75 oz,with empty magazine | 725 g | 25.57 oz,with loaded magazine** | 975 g | 34.39 oz,204 mm | 8.03 inch,186 mm | 7.32 inch,32 mm | 1.26 inch,"25,5 mm | 1.0 inch",139 mm | 5.47 inch,,165 mm | 6.50 inch,164 mm | 6.46 inch,163 mm | 6.42 inch,"71,5 mm | 2.81 inch"
G22,The 40 S&W caliber closes the gap between the heavy 45 Auto calibers and the 9 mm Luger service calibers. GLOCK was the first manufacturer to make the advantages of this balanced caliber accessible to law enforcement agencies. By applying the Gen4 technology with the Modular Beavertail Backstrap System and the reversible magazine catch to this pistol model the user may instantly customize its grip.,https://eu.glock.com/en/products/pistols/g22-gen4,40 S&W,Safe Action®,Standard: 15 | Optional: 16 / 22 / 10,114 mm | 4.49 inch,28 N,without magazine | 645 g | 22.75 oz,with empty magazine | 725 g | 25.57 oz,with loaded magazine** | 975 g | 34.39 oz,202 mm | 7.95 inch,186 mm | 7.32 inch,32 mm | 1.26 inch,"25,5 mm | 1.0 inch",139 mm | 5.47 inch,,165 mm | 6.50 inch,164 mm | 6.46 inch,163 mm | 6.42 inch,70 mm | 2.76 inch
G22,"The 40 S&W caliber closes the gap between the heavy 45 Auto calibers and the 9 mm Luger service calibers. GLOCK was the first manufacturer to make the advantages of this balanced caliber accessible to law enforcement agencies.

With the release of the full-size model G22 Gen5 the newest generation GLOCK standard is now available in 40 S&W.

By applying the Gen5 technology this model comes with nDLC finish, a flared magwell, the proven GLOCK Marksman barrel (GMB) and an ambidextrous slide stop lever.

Adjustable like the Gen4 model the frame of the G22 Gen5 features the Modular Beavertail Backstraps System (MBS) and comes with a reversible magazine catch.

Note: The slide width of the 40 S&W Gen5 models is slightly bigger compared to the previous generation. Please consider when choosing your holster.",https://eu.glock.com/en/products/pistols/g22-gen5,40 S&W,Safe Action®,Standard: 15,114 mm | 4.49 inch,26 N,without magazine | 732 g | 25.82 oz,with empty magazine | 806 g | 28.43 oz,with loaded magazine** | 1058 g | 37.32 oz,202 mm | 7.95 inch,186 mm | 7.32 inch,34 mm | 1.34 inch,27.5 mm | 1.08 inch,140 mm | 5.51 inch,,164 mm | 6.46 inch,163 mm | 6.42 inch,162 mm | 6.38 inch,70 mm | 2.76 inch
G22,"The 40 S&W caliber closes the gap between the heavy 45 Auto calibers and the 9 mm Luger service calibers. GLOCK was the first manufacturer to make the advantages of this balanced caliber accessible to law enforcement agencies.

With the release of the full-size model G22 Gen5 MOS the newest generation GLOCK standard is now available in 40 S&W.

By applying the Gen5 technology this model comes with nDLC finish, a flared magwell, the proven GLOCK Marksman barrel (GMB) and an ambidextrous slide stop lever.

Adjustable like the Gen4 model the frame of the G22 Gen5 MOS features the Modular Beavertail Backstrap System (MBS) and comes with a reversible magazine catch.

This model comes with a GLOCK MOS adapter plate for easy mounting of optical sights.

Note: The slide width of the 40 S&W Gen5 models is slightly bigger compared to the previous generation. Please consider when choosing your holster.",https://eu.glock.com/en/products/pistols/g22-gen5-mos,40 S&W,Safe Action®,Standard: 15,114 mm | 4.49 inch,26 N,without magazine | 732 g | 25.82 oz,with empty magazine | 806 g | 28.43 oz,with loaded magazine** | 1058 g | 37.32 oz,202 mm | 7.95 inch,186 mm | 7.32 inch,34 mm | 1.34 inch,27.5 mm | 1.08 inch,140 mm | 5.51 inch,,168 mm | 6.61 inch,167 mm | 6.57 inch,166 mm | 6.54 inch,70 mm | 2.76 inch
G23,"The GLOCK 23 combines compact dimensions for both open and concealed carry, with minimum weight, despite its substantial magazine capacity in 40 S&W caliber. Having survived endurance tests and use by numerous Law Enforcement agencies, the G23 pistol has repeatedly demonstrated its world-class durability and reliability in the most adverse conditions.",https://eu.glock.com/en/products/pistols/g23,40 S&W,Safe Action®,Standard: 13 | Optional: 14 / 15 / 16 / 22 / 10,102 mm | 4.02 inch,28 N,without magazine | 600 g | 21.16 oz,with empty magazine | 670 g | 23.63 oz,with loaded magazine** | 885 g | 31.22 oz,187 mm | 7.36 inch,174 mm | 6.85 inch,32 mm | 1.26 inch,"25,5 mm | 1.0 inch",128 mm | 5.04 inch,,153 mm | 6.02 inch,152 mm | 5.98 inch,151 mm | 5.94 inch,"71,2 mm | 2.80 inch"
G23,"GLOCK’s compact 40 S&W, equivalent of the GLOCK 19 Gen4, puts controllable power into an ideally-sized package—substantial enough for police patrol, small enough for discreet and comfortable all-day concealed carry. It is the top choice for professionals who work undercover. The Modular Beavertail Backstrap System makes it possible to instantly customize its grip to accommodate any hand size. The reversible magazine catch makes it ideal for left and right-handed shooters.",https://eu.glock.com/en/products/pistols/g23-gen4,40 S&W,Safe Action®,Standard: 13 | Optional: 14 / 15 / 16 / 22 / 10,102 mm | 4.02 inch,28 N,without magazine | 605 g | 21.34 oz,with empty magazine | 675 g | 23.81 oz,with loaded magazine** | 890 g | 31.39 oz,185 mm | 7.28 inch,174 mm | 6.85 inch,32 mm | 1.26 inch,"25,5 mm | 1.0 inch",128 mm | 5.04 inch,,153 mm | 6.02 inch,152 mm | 5.98 inch,151 mm | 5.94 inch,70 mm | 2.76 inch
G23,"GLOCK’s compact 40 S&W, equivalent of the GLOCK 19 Gen5, puts controllable power into an ideally-sized package - substantial enough for police patrol, small enough for discreet and comfortable all-day concealed carry. It is the top choice for professionals who work undercover.

With the release of the G23 Gen5 the newest generation GLOCK standard is now available in 40 S&W.

By applying the Gen5 technology this model comes with nDLC finish, a flared mag-well, the proven GLOCK Marksman barrel (GMB) and an ambidextrous slide stop lever. 

Adjustable like the Gen4 model the frame of the G23 Gen5 features the Modular Beavertail Backstrap System (MBS) and comes with a reversible magazine catch.

Note: The slide width of the 40 S&W Gen5 models is slightly bigger compared to the previous generation. Please consider when choosing your holster.",https://eu.glock.com/en/products/pistols/g23-gen5,40 S&W,Safe Action®,Standard: 13 | Optional: 15,102 mm | 4.02 inch,26 N,without magazine | 687 g | 24.23 oz,with empty magazine | 756 g | 26.67 oz,with loaded magazine** | 974 g | 34.36 oz,185 mm | 7.28 inch,174 mm | 6.85 inch,34 mm | 1.34 inch,27.5 mm | 1.08 inch,129 mm | 5.08 inch,,152 mm | 5.98 inch,151 mm | 5.94 inch,150 mm | 5.91 inch,70 mm | 2.76 inch
G23,"GLOCK’s compact 40 S&W, equivalent of the GLOCK 19 Gen5, puts controllable power into an ideally-sized package - substantial enough for police patrol, small enough for discreet and comfortable all-day concealed carry. It is the top choice for professionals who work undercover. 

With the release of the G23 Gen5 the newest generation GLOCK standard is now available in 40 S&W.

By applying the Gen5 technology this model comes with nDLC finish, a flared mag-well, the proven GLOCK Marksman barrel (GMB) and an ambidextrous slide stop lever. 

Adjustable like the Gen4 model the frame of the G23 Gen5 features the Modular Beavertail Backstrap System (MBS) and comes with a reversible magazine catch.

This model comes with a GLOCK MOS adapter plate for easy mounting of optical sights.

Note: The slide width of the 40 S&W Gen5 models is slightly bigger compared to the previous generation. Please consider when choosing your holster.",https://eu.glock.com/en/products/pistols/g23-gen5-mos,40 S&W,Safe Action®,Standard: 13 | Optional: 15,102 mm | 4.02 inch,26 N,without magazine | 687 g | 24.23 oz,with empty magazine | 756 g | 26.67 oz,with loaded magazine** | 974 g | 34.36 oz,185 mm | 7.28 inch,174 mm | 6.85 inch,34 mm | 1.34 inch,27.5 mm | 1.08 inch,129 mm | 5.08 inch,,156 mm | 6.14 inch,155 mm | 6.10 inch,154 mm | 6.06 inch,70 mm | 2.76 inch
G24,The long slide and barrel design combined with the 40 S&W caliber cartridge make this GLOCK a great choice for a multitude of shooting activities.,https://eu.glock.com/en/products/pistols/g24,40 S&W,Safe Action®,Standard: 15 | Optional: 16 / 22 / 10,153 mm | 6.02 inch,28 N,without magazine | 760 g | 26.81 oz,with empty magazine | 840 g | 29.63 oz,with loaded magazine** | 1090 g | 38.45 oz,243 mm | 9.57 inch,225 mm | 8.86 inch,33 mm | 1.30 inch,"25,5 mm | 1.0 inch",139 mm | 5.47 inch,,205 mm | 8.07 inch,204 mm | 8.03 inch,203 mm | 7.99 inch,"71,5 mm | 2.81 inch"
G27,"Amazingly accurate and controllable, the GLOCK 27 puts 10 rounds of 40 S&W caliber at your fingertips in a package small enough for a pocket or ankle holster.",https://eu.glock.com/en/products/pistols/g27,40 S&W,Safe Action®,Standard: 9 | Optional: 10 / 15 / 16 / 13 / 14 / 22,87 mm | 3.43 inch,28 N,without magazine | 550 g | 19.40 oz,with empty magazine | 605 g | 21.34 oz,with loaded magazine** | 750 g | 26.46 oz,165 mm | 6.50 inch,159 mm | 6.26 inch,32 mm | 1.26 inch,"25,5 mm | 1.0 inch",106 mm | 4.17 inch,,137 mm | 5.39 inch,136 mm | 5.35 inch,135 mm | 5.31 inch,72 mm | 2.83 inch
G27,"The GLOCK 27 Gen4, in 40 S&W, introduces innovative design changes to this small, light, accurate and powerful pistol that so many U.S. law enforcement agencies have chosen as their official backup weapon. The Modular Beavertail Backstrap design and the reversible magazine catch make it possible to instantly customize its grip to accommodate any hand size. The surface of the frame employs the new Gen4 rough textured technology. A reversible enlarged magazine catch, easily changeable accommodates left and right-handed operators.",https://eu.glock.com/en/products/pistols/g27-gen4,40 S&W,Safe Action®,Standard: 9 | Optional: 10 / 15 / 16 / 13 / 14 / 22,87 mm | 3.43 inch,28 N,without magazine | 550 g | 19.40 oz,with empty magazine | 605 g | 21.34 oz,with loaded magazine** | 750 g | 26.46 oz,163 mm | 6.42 inch,159 mm | 6.26 inch,32 mm | 1.26 inch,"25,5 mm | 1.0 inch",106 mm | 4.17 inch,,137 mm | 5.39 inch,136 mm | 5.35 inch,135 mm | 5.31 inch,70 mm | 2.76 inch
G27,"With the release of the GLOCK 27 Gen5 in 40 S&W the Gen5 family gets a new member. The innovative Gen5 design changes are added to this small, light, accurate and powerful pistol that so many U.S. law enforcement agencies have chosen as their official backup weapon. 

By applying the Gen5 technology this model comes with nDLC finish, the proven GLOCK Marksman barrel (GMB) and an ambidextrous slide stop lever. 

Adjustable like the Gen4 model the subcompact frame of the G27 Gen5 features the Modular Beavertail Backstrap System (MBS) and comes with a reversible magazine catch to accommodate left and right-handed operators.

Note: The slide width of the 40 S&W Gen5 models is slightly bigger compared to the previous generation. Please consider when choosing your holster.",https://eu.glock.com/en/products/pistols/g27-gen5,40 S&W,Safe Action®,Standard: 9 | Optional: 13,87 mm | 3.43 inch,26 N,without magazine | 621 g | 21.91 oz,with empty magazine | 676 g | 23.85 oz,with loaded magazine** | 827 g | 29.17 oz,163 mm | 6.42 inch,159 mm | 6.26 inch,33 mm | 1.30 inch,27.5 mm | 1.08 inch,107 mm | 4.21 inch,,137 mm | 5.39 inch,136 mm | 5.35 inch,135 mm | 5.31 inch,70 mm | 2.76 inch
G35,"With its extended barrel and extra long line of sight, the GLOCK 35 allows accurate hit patterns even during rapid firing. This has made the GLOCK 35 a widespread model among members of the practical shooting community.",https://eu.glock.com/en/products/pistols/g35,40 S&W,Safe Action®,Standard: 15 | Optional: 16 / 22 / 10 / 15,135 mm | 5.31 inch,24 N,without magazine | 700 g | 24.69 oz,with empty magazine | 780 g | 27.51 oz,with loaded magazine** | 1030 g | 36.33 oz,224 mm | 8.82 inch,207 mm | 8.15 inch,33 mm | 1.30 inch,"25,5 mm | 1.0 inch",139 mm | 5.47 inch,,192 mm | 7.56 inch,191 mm | 7.52 inch,190 mm | 7.48 inch,72 mm | 2.83 inch
G35,"With its extended barrel and extra long line of sight, the GLOCK 35 Gen4 allows accurate hit patterns even during rapid firing. The Modular back strap system makes it possible to instantly customize its grip to accommodate any hand size. The reversible magazine catch makes it ideal for left and right-handed shooters.",https://eu.glock.com/en/products/pistols/g35-gen4,40 S&W,Safe Action®,Standard: 15 | Optional: 16 / 22 / 10 / 15,135 mm | 5.31 inch,24 N,without magazine | 705 g | 24.87 oz,with empty magazine | 785 g | 27.69 oz,with loaded magazine** | 1035 g | 36.51 oz,222 mm | 8.74 inch,207 mm | 8.15 inch,33 mm | 1.30 inch,"25,5 mm | 1.0 inch",139 mm | 5.47 inch,,192 mm | 7.56 inch,191 mm | 7.52 inch,190 mm | 7.48 inch,70 mm | 2.76 inch
G35,"The GLOCK 35 Gen4 in MOS configuration combines an extended barrel, longer slide dimensions and elongated distance between the sights with the MOS concept, making it easy to mount a reflex sight on the pistol’s slide without the need for a new slide or separate mounting system. The Modular Beavertail Backstrap System makes it possible to instantly customize its grip to accommodate any hand size. The reversible magazine catch makes it ideal for left and right-handed shooters.",https://eu.glock.com/en/products/pistols/g35-gen4-mos,40 S&W,Safe Action®,Standard: 15 | Optional: 16 / 22 / 10 / 15,135 mm | 5.31 inch,24 N,without magazine | 705 g | 24.87 oz,with empty magazine | 785 g | 27.69 oz,with loaded magazine** | 1030 g | 36.33 oz,222 mm | 8.74 inch,207 mm | 8.15 inch,33 mm | 1.30 inch,"25,5 mm | 1.0 inch",139 mm | 5.47 inch,,191 mm | 7.52 inch,190 mm | 7.48 inch,189 mm | 7.44 inch,70 mm | 2.76 inch
G22,GLOCK cutaway models are produced for technical and firearms’ training and clearly illustrate the ingeniously simple internal mechanisms of the GLOCK pistol.,https://eu.glock.com/en/products/pistols/g22-cut,40 S&W,Safe Action®,Standard:,114 mm | 4.49 inch,28 N,without magazine | 540 g | 19.05 oz,with empty magazine | 615 g | 21.69 oz,with loaded magazine** | —,204 mm | 8.03 inch,186 mm | 7.32 inch,32 mm | 1.26 inch,"25,5 mm | 1.0 inch",139 mm | 5.47 inch,,165 mm | 6.50 inch,164 mm | 6.46 inch,163 mm | 6.42 inch,"71,5 mm | 2.81 inch"
G22P,"Proper grip, loading and unloading, sight alignment, trigger squeeze and disassembling are all part of a shooter's training routine. The GLOCK Practice Pistol was developed to eliminate dangerous scenarios during training exercises. Identical to a GLOCK pistol in handling, weight, size and balance, it puts the real thing in your hand, without any firing capability.",https://eu.glock.com/en/products/pistols/g22-p,40 S&W,Safe Action®,Standard: 15,114 mm | 4.49 inch,28 N,without magazine | 650 g | 22.93 oz,with empty magazine | 730 g | 25.75 oz,with loaded magazine** | 980 g | 34.57 oz,204 mm | 8.03 inch,186 mm | 7.32 inch,32 mm | 1.26 inch,"25,5 mm | 1.0 inch",139 mm | 5.47 inch,,165 mm | 6.50 inch,164 mm | 6.46 inch,163 mm | 6.42 inch,"71,5 mm | 2.81 inch"
G23,GLOCK cutaway models are produced for technical and firearms’ training and clearly illustrate the ingeniously simple internal mechanisms of the GLOCK pistol.,https://eu.glock.com/en/products/pistols/g23-cut,40 S&W,Safe Action®,Standard:,102 mm | 4.02 inch,28 N,without magazine | 505 g | 17.81 oz,with empty magazine | 570 g | 20.11 oz,with loaded magazine** | —,187 mm | 7.36 inch,174 mm | 6.85 inch,32 mm | 1.26 inch,"25,5 mm | 1.0 inch",128 mm | 5.04 inch,,153 mm | 6.02 inch,152 mm | 5.98 inch,151 mm | 5.94 inch,"71,2 mm | 2.80 inch"
G23P,"Proper grip, loading and unloading, sight alignment, trigger squeeze and disassembling are all part of a shooter's training routine. The GLOCK Practice Pistol was developed to eliminate dangerous scenarios during training exercises. Identical to a GLOCK pistol in handling, weight, size and balance, it puts the real thing in your hand, without any firing capability.",https://eu.glock.com/en/products/pistols/g23-p,40 S&W,Safe Action®,Standard: 13,102 mm | 4.02 inch,28 N,without magazine | 605 g | 21.34 oz,with empty magazine | 675 g | 23.81 oz,with loaded magazine** | 895 g | 31.57 oz,187 mm | 7.36 inch,174 mm | 6.85 inch,32 mm | 1.26 inch,"25,5 mm | 1.0 inch",128 mm | 5.04 inch,,153 mm | 6.02 inch,152 mm | 5.98 inch,151 mm | 5.94 inch,"71,2 mm | 2.80 inch"
G20,"The G20 Gen5 MOS delivers formidable force downrange with high accuracy over long distance. The use of GLOCK hi-tech polymer considerably reduces felt recoil even in this heavy caliber. For the hunting community this 10 mm Auto is a reliable companion providing a safe and accurate finishing shot, even when hunting big game.",https://eu.glock.com/en/products/pistols/g20-gen5-mos,10 mm Auto,Safe Action®,Standard: 15,117 mm I 4.61 inch,26 N,without magazine | 755 g I 26.63 oz,with empty magazine | 845 g I 29.81 oz,with loaded magazine** | 1100 g I 38.80 oz,205 mm I 8.07 inch,191 mm I 7.52 inch,35 mm I 1.38 inch,"28,5 mm I 1.12 inch",140 mm I 5.51 inch,,176 mm I 6.93 inch,175 mm I 6.89 inch,174 mm I 6.85 inch,"72,5 mm I 2.85 inch"
G20,You can now get the olive-green version of this model in 10mm Auto. The standard-size pistol comes with an extended ambidextrous slide stop lever and an extended reversible magazine catch for easier operation. This Hunter Edition model is equipped with a standard magazine floor plate.,https://eu.glock.com/en/products/pistols/g20-gen5-mos-hunter-edition,10 mm Auto,Safe Action®,Standard: 15,117 mm I 4.61 inch,26 N,without magazine | 755 g I 26.63 oz,with empty magazine | 845 g I 29.81 oz,with loaded magazine** | 1100 g I 38.80 oz,205 mm I 8.07 inch,191 mm I 7.52 inch,35 mm I 1.38 inch,28.5 mm I 1.12 inch,140 mm I 5.51 inch,,176 mm I 6.93 inch,175 mm I 6.89 inch,174 mm I 6.85 inch,72.5 mm I 2.85 inch
G29,"The G29 Gen5 offers the concealment of a subcompact pistol while delivering the raw, long-range power of the ‘magnum force’
10 mm Auto cartridge with ease.",https://eu.glock.com/en/products/pistols/g29-gen5,10 mm Auto,Safe Action®,Standard: 10,96 mm I 3.78 inch,26 N,without magazine | 690 g I 24.34 oz,with empty magazine | 760 g I 26.81 oz,with loaded magazine** | 930 g I 32.80 oz,176 mm I 6.93 inch,170 mm I 6.69 inch,35 mm I 1.38 inch,28.5 mm I 1.12 inch,115 mm I 4.53 inch,,150 mm I 5.91 inch,149 mm I 5.87 inch,148 mm I 5.83 inch,72.5 mm I 2.85 inch
G21,"Remarkable for its accuracy and light recoil, the GLOCK 21 Gen5 MOS delivers the power of the 45 Auto round with high magazine capacity. The 45 Auto caliber has since long been regarded with a special reverence. Many shooters feel a special relationship with this timeless caliber. The GLOCK 21 Gen5 presents everything one would expect of a 45 Auto pistol.",https://eu.glock.com/en/products/pistols/g21-gen5-mos,45 Auto,Safe Action®,Standard: 13 | Optional: 10,117 mm I 4.61 inch,26 N,without magazine | 735 g I 25.93 oz,with empty magazine | 825 g I 29.10 oz,with loaded magazine** | 1095 g I 38.62 oz,205 mm I 8.07 inch,191 mm I 7.52 inch,35 mm I 1.38 inch,"28,5 mm I 1.12 inch",140 mm I 5.51 inch,,176 mm I 6.93 inch,175 mm I 6.89 inch,174 mm I 6.85 inch,"72,5 mm I 2.85 inch"
G30,The G30 Gen5 in 45 Auto offers excellent out-of-the-box precision paired with the ballistic quality of this caliber. The Gen5 design of this small easy-to-shoot package combines a shorter trigger reach with a great magazine capacity.,https://eu.glock.com/en/products/pistols/g30-gen5,45 Auto,Safe Action®,Standard: 10,96 mm I 3.78 inch,26 N,without magazine | 675 g I 23.81 oz,with empty magazine | 745 g I 26.28 oz,with loaded magazine** | 955 g I 33.69 oz,177 mm I 6.97 inch,170 mm I 6.69 inch,35 mm I 1.38 inch,28.5 mm I 1.12 inch,122 mm I 4.80 inch,,150 mm I 5.91 inch,149 mm I 5.87 inch,148 mm I 5.83 inch,72.5 mm I 2.85 inch
G25,"Because of its small dimensions, equal to those of the GLOCK 19, the GLOCK 25 in the low-recoil .380 caliber can be comfortably carried concealed.",https://eu.glock.com/en/products/pistols/g25,380 Auto,Safe Action®,Standard: 15 | Optional: 17,102 mm | 4.02 inch,28 N,without magazine | 575 g | 20.28 oz,with empty magazine | 645 g | 22.75 oz,with loaded magazine** | 785 g | 27.69 oz,187 mm | 7.36 inch,174 mm | 6.85 inch,32 mm | 1.26 inch,"25,5 mm | 1.0 inch",128 mm | 5.04 inch,,153 mm | 6.02 inch,152 mm | 5.98 inch,151 mm | 5.94 inch,"71,2 mm | 2.80 inch"
G42,"For those discerning shooters who desired the smallest GLOCK possible, the company responded with the now popular G42 in 380 AUTO with ultra-compact dimensions and easy-to-shoot characteristics. The G42 packs all the features GLOCK customers have come to appreciate - from the GLOCK Safe Action System with its multiple integrated safety features to the brand’s proven reliability and durability.",https://eu.glock.com/en/products/pistols/g42,380 Auto,Safe Action®,Standard: 6,"82,5 mm | 3.25 inch",24 N,without magazine | 345 g | 12.17 oz,with empty magazine | 390 g | 13.76 oz,with loaded magazine** | 450 g | 15.87 oz,151 mm | 5.94 inch,146 mm | 5.75 inch,25 mm | 0.98 inch,21 mm | 0.83 inch,105 mm | 4.13 inch,,125 mm | 4.92 inch,124 mm | 4.88 inch,123 mm | 4.84 inch,61 mm | 2.40 inch
G17T,"The GLOCK Training pistols were developed for the purpose of enabling reality-based tactical operations training with color marking or plastic bullet ammunition. Designed specifically for use with either FX®/FOF or UTX ammunition, this pistol offers the same ergonomics and touch-and-feel which officers and soldiers are familiar with their service pistol.
This GLOCK Safe Action training pistol is distinctive blue with a revolutionary slide with polymer inserts in order to make it visually distinct and light weight. This distinctive color keeps the training pistol from being mistaken for a live fire weapon.",https://eu.glock.com/en/products/pistols/g17-t-fx-fof,Training ammunition,Safe Action®,Standard: 17 | Optional: 19,114 mm | 4.49 inch,28 N,without magazine | 470 g | 16.58 oz,with empty magazine | 550 g | 19.40 oz,with loaded magazine** | 625 g | 22.05 oz,204 mm | 8.03 inch,186 mm | 7.32 inch,32 mm | 1.26 inch,"25,5 mm | 1.0 inch",139 mm | 5.47 inch,,165 mm | 6.50 inch,164 mm | 6.46 inch,163 mm | 6.42 inch,72 mm | 2.83 inch
G17T,"The GLOCK Training pistols were developed for the purpose of enabling reality-based tactical operations training with color marking or plastic bullet ammunition. Designed specifically for use with either FX/FOF or UTX ammunition, this pistol offers the same ergonomics and touch-and-feel which officers and soldiers are familiar with their service pistol.
This GLOCK Safe Action training pistol is distinctive blue with a revolutionary slide with polymer inserts in order to make it visually distinct and light weight. This distinctive color keeps the training pistol from being mistaken for a live fire weapon.",https://eu.glock.com/en/products/pistols/g17-t-gen4-fx-fof,Training ammunition,Safe Action®,Standard: 17 | Optional: 19,114 mm | 4.49 inch,28 N,without magazine | 470 g | 16.58 oz,with empty magazine | 550 g | 19.40 oz,with loaded magazine** | 625 g | 22.05 oz,202 mm | 7.95 inch,186 mm | 7.32 inch,32 mm | 1.26 inch,"25,5 mm | 1.0 inch",139 mm | 5.47 inch,,165 mm | 6.50 inch,164 mm | 6.46 inch,163 mm | 6.42 inch,70 mm | 2.76 inch
G17T,"The GLOCK Training pistols were developed for the purpose of enabling reality-based tactical operations training with color marking or plastic bullet ammunition. Designed specifically for use with either FX/FOF or UTX ammunition, this optic ready pistol offers the same ergonomics and touch-and-feel which officers and soldiers are familiar with their service pistol.
This GLOCK Safe Action training pistol is distinctive blue with a revolutionary slide with polymer inserts in order to make it visually distinct and light weight. This distinctive color keeps the training pistol from being mistaken for a live fire weapon.",https://eu.glock.com/en/products/pistols/g17-t-gen5-mos-fx-fof,Training ammunition,Safe Action®,Standard: 17 | Optional: 19,114 mm | 4.49 inch,26 N,without magazine | 480 g | 16.93 oz,with empty magazine | 560 g | 19.75 oz,with loaded magazine** | 630 g | 22.22 oz,202 mm | 7.95 inch,186 mm | 7.32 inch,34 mm | 1.34 inch,"25,5 mm | 1.0 inch",139 mm | 5.47 inch,,169 mm | 6.65 inch,168 mm | 6.61 inch,167 mm | 6.57 inch,70 mm | 2.76 inch
G17T,"The GLOCK Training pistols were developed for the purpose of enabling reality-based tactical operations training with color marking or plastic bullet ammunition. Designed specifically for use with UTM ammunition, this optic ready pistol offers the same ergonomics and touch-and-feel which officers and soldiers are familiar with their service pistol. This GLOCK Safe Action training pistol is distinctive blue with a revolutionary slide with polymer inserts in order to make it visually distinct and light weight. This distinctive color keeps the training pistol from being mistaken for a live fire weapon.",https://eu.glock.com/en/products/pistols/g17-t-gen5-mos-utm,Training ammunition,Safe Action®,Standard: 17 | Optional: 19,114 mm | 4.49 inch,26 N,without magazine | 480 g | 16.93 oz,with empty magazine | 560 g | 19.75 oz,with loaded magazine** | 630 g | 22.22 oz,202 mm | 7.95 inch,186 mm | 7.32 inch,34 mm | 1.34 inch,"25,5 mm | 1.0 inch",139 mm | 5.47 inch,,169 mm | 6.65 inch,168 mm | 6.61 inch,167 mm | 6.57 inch,70 mm | 2.76 inch
G17T,"The GLOCK Training pistols were developed for the purpose of enabling reality-based tactical operations training with color marking or plastic bullet ammunition. Designed specifically for use with UTM ammunition, this pistol offers the same ergonomics and touch-and-feel which officers and soldiers are familiar with their service pistol. This GLOCK Safe Action  training pistol has a blue frame in order to make it visually distinct. This distinctive color keeps the training pistol from being mistaken for a live fire weapon.",https://eu.glock.com/en/products/pistols/g17-t-utm,Training ammunition,Safe Action®,Standard: 17 | Optional: 19,114 mm | 4.49 inch,28 N,without magazine | 615 g | 21.69 oz,with empty magazine | 700 g | 24.69 oz,with loaded magazine** | 765 g | 26.98 oz,204 mm | 8.03 inch,186 mm | 7.32 inch,32 mm | 1.26 inch,"25,5 mm | 1.0 inch",139 mm | 5.47 inch,,165 mm | 6.50 inch,164 mm | 6.46 inch,163 mm | 6.42 inch,72 mm | 2.83 inch
G19T,"The GLOCK Training pistols were developed for the purpose of enabling reality-based tactical operations training with color marking or plastic bullet ammunition. Designed specifically for use with either FX®/FOF or UTX ammunition, this pistol offers the same ergonomics and touch-and-feel which officers and soldiers are familiar with their service pistol.
This GLOCK Safe Action training pistol is distinctive blue with a revolutionary slide with polymer inserts in order to make it visually distinct and light weight. This distinctive color keeps the training pistol from being mistaken for a live fire weapon.",https://eu.glock.com/en/products/pistols/g19-t-fx-fof,Training ammunition,Safe Action®,Standard: 15 | Optional: 17,102 mm | 4.02 inch,28 N,without magazine | 440 g | 15.52 oz,with empty magazine | 510 g | 17.99 oz,with loaded magazine** | 580 g | 20.46 oz,187 mm | 7.36 inch,174 mm | 6.85 inch,32 mm | 1.26 inch,"25,5 mm | 1.0 inch",128 mm | 5.04 inch,,153 mm | 6.02 inch,152 mm | 5.98 inch,151 mm | 5.94 inch,"71,2 mm | 2.80 inch"
G19T,"The GLOCK Training pistols were developed for the purpose of enabling reality-based tactical operations training with color marking or plastic bullet ammunition. Designed specifically for use with either FX/FOF or UTX ammunition, this pistol offers the same ergonomics and touch-and-feel which officers and soldiers are familiar with their service pistol.
This GLOCK Safe Action training pistol is distinctive blue with a revolutionary slide with polymer inserts in order to make it visually distinct and light weight. This distinctive color keeps the training pistol from being mistaken for a live fire weapon.",https://eu.glock.com/en/products/pistols/g19-t-gen4-fx-fof,Training ammunition,Safe Action®,Standard: 15 | Optional: 17,102 mm | 4.02 inch,28 N,without magazine | 440 g | 15.52 oz,with empty magazine | 510 g | 17.99 oz,with loaded magazine** | 580 g | 20.46 oz,185 mm | 7.28 inch,174 mm | 6.85 inch,32 mm | 1.26 inch,"25,5 mm | 1.0 inch",128 mm | 5.04 inch,,153 mm | 6.02 inch,152 mm | 5.98 inch,151 mm | 5.94 inch,70 mm | 2.76 inch
G19T,"The GLOCK Training pistols were developed for the purpose of enabling reality-based tactical operations training with color marking or plastic bullet ammunition. Designed specifically for use with either FX/FOF or UTX ammunition, this optic ready pistol offers the same ergonomics and touch-and-feel which officers and soldiers are familiar with their service pistol.
This GLOCK Safe Action training pistol is distinctive blue with a revolutionary slide with polymer inserts in order to make it visually distinct and light weight. This distinctive color keeps the training pistol from being mistaken for a live fire weapon.",https://eu.glock.com/en/products/pistols/g19-t-gen5-mos-fx-fof,Training ammunition,Safe Action®,Standard: 15 | Optional: 17,102 mm | 4.02 inch,26 N,without magazine | 465 g | 16.40 oz,with empty magazine | 535 g | 18.87 oz,with loaded magazine** | 605 g | 21.34 oz,185 mm | 7.28 inch,174 mm | 6.85 inch,34 mm | 1.34 inch,"25,5 mm | 1.0 inch",128 mm | 5.04 inch,,157 mm | 6.18 inch,156 mm | 6.14 inch,155 mm | 6.10 inch,70 mm | 2.76 inch
G19T,"The GLOCK Training pistols were developed for the purpose of enabling reality-based tactical operations training with color marking or plastic bullet ammunition. Designed specifically for use with UTM ammunition, this optic ready pistol offers the same ergonomics and touch-and-feel which officers and soldiers are familiar with their service pistol.
This GLOCK Safe Action training pistol is distinctive blue with a revolutionary slide with polymer inserts in order to make it visually distinct and light weight. This distinctive color keeps the training pistol from being mistaken for a live fire weapon.",https://eu.glock.com/en/products/pistols/g19-t-gen5-mos-utm,Training ammunition,Safe Action®,Standard: 15 | Optional: 17,102 mm | 4.02 inch,26 N,without magazine | 465 g | 16.40 oz,with empty magazine | 535 g | 18.87 oz,with loaded magazine** | 605 g | 21.34 oz,185 mm | 7.28 inch,174 mm | 6.85 inch,34 mm | 1.34 inch,"25,5 mm | 1.0 inch",128 mm | 5.04 inch,,157 mm | 6.18 inch,156 mm | 6.14 inch,155 mm | 6.10 inch,70 mm | 2.76 inch
G19T,"The GLOCK Training pistols were developed for the purpose of enabling reality-based tactical operations training with color marking or plastic bullet ammunition. Designed specifically for use with UTM ammunition, this pistol offers the same ergonomics and touch-and-feel which officers and soldiers are familiar with their service pistol. This GLOCK Safe Action  training pistol has a blue frame in order to make it visually distinct. This distinctive color keeps the training pistol from being mistaken for a live fire weapon.",https://eu.glock.com/en/products/pistols/g19-t-utm,Training ammunition,Safe Action®,Standard: 15 | Optional: 17,102 mm | 4.02 inch,28 N,without magazine | 565 g | 19.93 oz,with empty magazine | 635 g | 22.40 oz,with loaded magazine** | 690 g | 24.34 oz,187 mm | 7.36 inch,174 mm | 6.85 inch,32 mm | 1.26 inch,"25,5 mm | 1.0 inch",128 mm | 5.04 inch,,153 mm | 6.02 inch,152 mm | 5.98 inch,151 mm | 5.94 inch,"71,2 mm | 2.80 inch"
G45T,"The GLOCK Training pistols were developed for the purpose of enabling reality-based tactical operations training with color marking or plastic bullet ammunition. Designed specifically for use with either FX®/FOF or UTX ammunition, this optic ready pistol offers the same ergonomics and touch-and-feel which officers and soldiers are familiar with their service pistol.
This GLOCK Safe Actiontraining pistol is distinctive blue with a revolutionary slide with polymer inserts in order to make it visually distinct and light weight. This distinctive color keeps the training pistol from being mistaken for a live fire weapon.",https://eu.glock.com/en/products/pistols/g45-t-mos-fx-fof,Training ammunition,Safe Action®,Standard: 17 | Optional: 19,102 mm | 4.02 inch,26 N,without magazine | 470 g | 16.58 oz,with empty magazine | 550 g | 19.40 oz,with loaded magazine** | 620 g | 21.87 oz,189 mm | 7.44 inch,174 mm | 6.85 inch,34 mm | 1.34 inch,"25,5 mm | 1.0 inch",139 mm | 5.47 inch,,157 mm | 6.18 inch,156 mm | 6.14 inch,155 mm | 6.10 inch,70 mm | 2.76 inch
G45T,"The GLOCK Training pistols were developed for the purpose of enabling reality-based tactical operations training with color marking or plastic bullet ammunition. Designed specifically for use with UTM ammunition, this optic ready pistol offers the same ergonomics and touch-and-feel which officers and soldiers are familiar with their service pistol.
This GLOCK Safe Action training pistol is distinctive blue with a revolutionary slide with polymer inserts in order to make it visually distinct and light weight. This distinctive color keeps the training pistol from being mistaken for a live fire weapon.",https://eu.glock.com/en/products/pistols/g45-t-mos-utm,Training ammunition,Safe Action®,Standard: 17 | Optional: 19,102 mm | 4.02 inch,26 N,without magazine | 470 g | 16.58 oz,with empty magazine | 550 g | 19.40 oz,with loaded magazine** | 620 g | 21.87 oz,189 mm | 7.44 inch,174 mm | 6.85 inch,34 mm | 1.34 inch,"25,5 mm | 1.0 inch",139 mm | 5.47 inch,,157 mm | 6.18 inch,156 mm | 6.14 inch,155 mm | 6.10 inch,70 mm | 2.76 inch
